Title,Author,URL,Thumbnail,Created_UTC (MM/dd/yyyy),Subreddit,Number of Comments,Ups,Downs
Ohio Ohio Ohio Ohio Ohio Ohio Ohio Ohio Ohio Ohio Ohio Ohio Ohio Ohio Ohio Ohio Ohio Ohio Ohio Ohio Ohio Ohio Ohio Ohio Ohio Ohio Ohio Ohio Ohio Ohio Ohio Ohio Ohio Ohio Ohio Ohio Ohio Ohio Ohio Ohio Ohio Ohio Ohio Ohio Ohio Ohio Ohio Ohio Ohio Ohio Ohio Ohio Ohio Ohio Ohio Ohio Ohio,Cymycyck,https://i.redd.it/z645dxsuiik41.jpg,https://a.thumbs.redditmedia.com/Q4cM8Uf94P7q6DhuoFZBLA5ATbfExfRBjGaJktzDyx0.jpg,03/03/2020,ComedyNecrophilia,171,10225,0
"16 years representing Ohio and done nothing, passed ZERO Bills for Ohio or Americans he chases conspiracy theories.",h20poIo,https://i.redd.it/fipvrcb9j5kc1.jpeg,https://a.thumbs.redditmedia.com/cl59FEAvau1rg-TUOie1L1oHd75dCM2aiqPiT5d2vC8.jpg,02/22/2024,Ohio,878,9766,0
Sorry Ohio Republicans,schaefjl,https://i.redd.it/j10kh3uij4zb1.jpg,https://b.thumbs.redditmedia.com/DLUMCrTTnudWGnIfk8dfZPh4gqVThHamnn7T8fIWVKo.jpg,11/08/2023,PoliticalHumor,655,25071,0
skibidi ohio,wowexpert123,https://i.redd.it/hqfqzs8agx1c1.png,https://b.thumbs.redditmedia.com/HcrYD-LN3LnWuArHyE5tM40cTAVLfttSdWyEoijUlUg.jpg,11/22/2023,memes,484,8485,0
"East Palestine, Ohio.",General-99,https://v.redd.it/3a9vyb6tr9ja1,https://b.thumbs.redditmedia.com/7iOTJorR1S1wG_CuzOFJg6n6UpUfaxzePlp7aXNi17M.jpg,02/19/2023,interestingasfuck,4401,77223,0
Always Ohio. I donâ€™t get why Ohio. Why not Winconsin?,Chemical_Revenue_458,https://i.redd.it/4c0ytr1sbhna1.jpg,https://b.thumbs.redditmedia.com/GCzHq1Y50wl_s2zXE8JrFpZ56MAzXnUSGXl4paxYiws.jpg,03/13/2023,memes,436,9038,0
Only in Ohio,habichuelacondulce,https://v.redd.it/qlakpqirswgb1,https://b.thumbs.redditmedia.com/sOZechK9OrZ1oU9YYW_u_1cTnrm5FgJ0UguSCAw_qfk.jpg,08/08/2023,AbruptChaos,1279,10943,0
Heads up Ohio: 27 Ohio House Republicans Sign Letter of Opposition,Adventurous_Ad_5600,https://www.reddit.com/r/Ohio/comments/17r1nxj/heads_up_ohio_27_ohio_house_republicans_sign/,self,11/08/2023,Ohio,489,2427,0
Ohio.,Accomplished_Water34,https://i.redd.it/0cm8woz8sb391.png,https://b.thumbs.redditmedia.com/vtEu3EYxs9jjo_7Jd_6_kDLF6cgEb16QtcoZvFF4awg.jpg,06/02/2022,WhitePeopleTwitter,2010,22582,0
Damn Ohio different,Ok_Committee5663,https://i.redd.it/qpi59wcy8wz91.png,https://b.thumbs.redditmedia.com/nqwW4MPXMzSuj6UxvmjRPk6ZcNKfD3WlHpz7131lqZI.jpg,11/14/2022,facepalm,5883,72924,0
Damn Ohio different,OkPreferences,https://i.redd.it/tlyxo1wg040b1.png,https://b.thumbs.redditmedia.com/iwQ46qsoSJuEPZ6-umLMbkDsPkPsYF2EJHnO0kisxvU.jpg,05/15/2023,facepalm,992,14833,0
Welcome to Ohio,Xstatman13,https://i.redd.it/k2a955sez96c1.png,https://b.thumbs.redditmedia.com/3esKpNuaKRaD7W60gJ_tUhrcGm2J8uafeOBdUT1z13M.jpg,12/14/2023,facepalm,394,7835,0
Ohio,muslim_misato,https://i.redd.it/zgd2wnpa9gob1.gif,https://b.thumbs.redditmedia.com/d_iH3ubUJQLjha35OmxAHA5kbr7phCr8UEuZRVMHIHM.jpg,09/15/2023,whenthe,192,7921,0
"Thank you, Ohio!",aspophilia,https://i.redd.it/5dhnqnsq81zb1.jpg,https://b.thumbs.redditmedia.com/EOgO4dMFICa6jNFBYer2rnZnHmbge4tr8UCfVijv-FQ.jpg,11/07/2023,Ohio,362,5073,0
Trump suffers teleprompter trauma at a rally in Ohio,thisisinsider,https://www.businessinsider.com/trump-suffers-teleprompter-trauma-at-a-rally-in-ohio-2024-3?utm_source=reddit&amp;utm_medium=social&amp;utm_campaign=insider-politics-sub-post,https://a.thumbs.redditmedia.com/1nWstyxiWigkqa0HPE9eY09V9L0yV3pkCOFqJeT3sD0.jpg,03/17/2024,politics,1503,15516,0
Fuck Ohio,blaketbailey,https://i.redd.it/7kje9rypym291.jpg,https://b.thumbs.redditmedia.com/1j8rA4RsRkzUD1HubX2D_6ndRlHHrYB7STXJl0-edpM.jpg,05/30/2022,FUCKYOUINPARTICULAR,643,27247,0
Ohio a common sight.,Ok_Imagination9552,https://www.reddit.com/gallery/18a56io,https://b.thumbs.redditmedia.com/KM0T4zAWnjbWIASDmiw7jymjEQ3ZKtMuuePO0u3p_qY.jpg,12/03/2023,pics,561,3867,0
Ohio Department of Health now recommending those in Ohio avoid traveling to Ohio,yyz_guy,https://www.news5cleveland.com/news/continuing-coverage/coronavirus/ohio-department-of-health-now-recommending-those-in-ohio-avoid-traveling-to-ohio,https://b.thumbs.redditmedia.com/-feTlSkuGFna1wbUsVU8SWSaj9HDg3eD0OL4sGrNrMY.jpg,12/02/2020,nottheonion,343,5773,0
Sherwin-Williams in ohio,urmomsloosevag,https://v.redd.it/f6fjc840dngc1,"https://external-preview.redd.it/bTdvY3BqMTBkbmdjMarCq1SC22mFei06MDn9RkgilR6DkcAN4h2C2maK0ek7.png?width=140&amp;height=140&amp;crop=140:140,smart&amp;format=jpg&amp;v=enabled&amp;lthumb=true&amp;s=1c19f232c34042b17103a0e71483aeccbb9c375c",02/04/2024,Ohio,269,4555,0
Senator J.D. Vance and Local East Palestine Ohio Residents confirm our story that the Ohio Train Derailment Disaster contaminated the Ohio River with toxic chemicals.,CantStopPoppin,https://v.redd.it/klas26ybdnia1,https://b.thumbs.redditmedia.com/B1luEdlImlgjNTO8fu0SFTEzYqdgax3-7vWwIICteQo.jpg,02/16/2023,worldnewsvideo,399,5003,0
[Postgame Thread] Michigan Defeats Ohio State 30-24,CFB_Referee,https://www.reddit.com/r/CFB/comments/183t14f/postgame_thread_michigan_defeats_ohio_state_3024/,self,11/25/2023,CFB,7950,8740,0
ohio ðŸ’€ðŸ’€ðŸ’€,MineralwasTaken,https://i.redd.it/2724untgi3aa1.jpg,https://b.thumbs.redditmedia.com/6O2-a4Ro0MbqAyczu6PV5zcK-r_jrGtOM1aei31iGhg.jpg,01/04/2023,youngpeopleyoutube,489,6474,0
Only in Ohio,Wolfie-doo,https://i.redd.it/54rqmpc0isoa1.jpg,https://a.thumbs.redditmedia.com/fzB9rQACkAjCDzOFpnoC5iYT3S7_8sYB-MxG9f-SC70.jpg,03/19/2023,pcmasterrace,691,5963,0
Ohio Republicans,UnionThrowaway1234,https://www.reddit.com/r/Ohio/comments/177x7ah/ohio_republicans/,self,10/14/2023,Ohio,544,2029,0
Ohio,walkingshitposterer,https://i.redd.it/pk25nxjy2j481.jpg,https://b.thumbs.redditmedia.com/ubp38a9nxA0x_bPPvTkdvAMFpQU0lFJENNCfMKKRhaA.jpg,12/09/2021,shitposting,573,12677,0
